{"cameraMode":{"drawMode":0,"name":"Shaded","section":"Shading Mode"},"sceneLighting":false,"audioPlay":false,"sceneViewState":{"showFog":true,"showMaterialUpdate":false,"showSkybox":true,"showFlares":true,"showImageEffects":true,"showParticleSystems":true},"in2DMode":false,"pivot":{"x":26.693906784057618,"y":1.1743543148040772,"z":-1.766500473022461},"rotation":{"x":-0.2189069539308548,"y":0.0313127301633358,"z":-0.007029278203845024,"w":-0.975217878818512},"size":10.953483581542969,"orthographic":false}