{"cameraMode":{"drawMode":0,"name":"Shaded","section":"Shading Mode"},"sceneLighting":false,"audioPlay":false,"sceneViewState":{"showFog":true,"showMaterialUpdate":false,"showSkybox":true,"showFlares":true,"showImageEffects":true,"showParticleSystems":true},"in2DMode":false,"pivot":{"x":29.745412826538087,"y":0.7200000286102295,"z":0.9399999976158142},"rotation":{"x":-0.2189069539308548,"y":0.0313127301633358,"z":-0.007029278203845024,"w":-0.975217878818512},"size":1.1783353090286255,"orthographic":false}