{"cameraMode":{"drawMode":0,"name":"Shaded","section":"Shading Mode"},"sceneLighting":false,"audioPlay":false,"sceneViewState":{"showFog":true,"showMaterialUpdate":false,"showSkybox":true,"showFlares":true,"showImageEffects":true,"showParticleSystems":true},"in2DMode":false,"pivot":{"x":33.485809326171878,"y":0.6966409683227539,"z":-2.2814784049987795},"rotation":{"x":-0.2189069539308548,"y":0.0313127301633358,"z":-0.007029278203845024,"w":-0.975217878818512},"size":6.0210652351379398,"orthographic":false}