{"cameraMode":{"drawMode":0,"name":"Shaded","section":"Shading Mode"},"sceneLighting":false,"audioPlay":false,"sceneViewState":{"showFog":true,"showMaterialUpdate":false,"showSkybox":true,"showFlares":true,"showImageEffects":true,"showParticleSystems":true},"in2DMode":false,"pivot":{"x":29.567720413208009,"y":0.8763248920440674,"z":-2.6905338764190676},"rotation":{"x":-0.1007646918296814,"y":0.6074085235595703,"z":-0.07805808633565903,"w":-0.7840972542762756},"size":5.067288398742676,"orthographic":false}